name,price,url
name,price,url
name,price,url
name,price,url
name,price,url
name,price,url
name,price,url
name,price,url
name,price,url
name,price,url
name,price,url
name,price,url
name,price,url
name,price,url
name,price,url
name,price,url
name,price,url
name,price,url
name,price,url
name,price,url
name,price,url
name,price,url
name,price,url
name,price,url
name,price,url
name,price,url
name,price,url
name,price,url
name,price,url
name,price,url
name,price,url
name,price,url
name,price,url
name,price,url
name,price,url
name,price,url
name,price,url
name,price,url
name,price,url
name,price,url
name,price,url
